{
  "name": "Compare test method: dd vs flash-sync",
  "tests": {
    "rmmod,no-cache/flash_sync": {
      "10": {
        "powerDownStart": 114.09,
        "emmcStart": 235.631,
        "filesystem": 32.91,
        "wifi": 121.138,
        "emmc": 12.772999999999996,
        "clock": 248.404,
        "clockHigh": 0,
        "total": 134.314
      },
      "11": {
        "powerDownStart": 709.996,
        "emmcStart": 813.471,
        "filesystem": 18.409999999999968,
        "wifi": 103.072,
        "emmc": 12.769000000000005,
        "clock": 826.24,
        "clockHigh": 0,
        "total": 116.24400000000003
      },
      "12": {
        "powerDownStart": 691.346,
        "emmcStart": 796.607,
        "filesystem": 37.37900000000002,
        "wifi": 104.87699999999995,
        "emmc": 16.670000000000073,
        "clock": 813.277,
        "clockHigh": 0,
        "total": 121.93100000000004
      },
      "13": {
        "powerDownStart": 58.888,
        "emmcStart": 584.583,
        "filesystem": 520.886,
        "wifi": 217.62999999999997,
        "emmc": 10.541000000000054,
        "clock": 595.124,
        "clockHigh": 0,
        "total": 536.236
      },
      "14": {
        "powerDownStart": 190.347,
        "emmcStart": 943.142,
        "filesystem": 747.618,
        "wifi": 142.629,
        "emmc": 10.941999999999894,
        "clock": 954.084,
        "clockHigh": 0,
        "total": 763.737
      },
      "15": {
        "powerDownStart": 723.748,
        "emmcStart": 1268.614,
        "filesystem": 540.0070000000001,
        "wifi": 83.649,
        "emmc": 10.293999999999869,
        "clock": 1278.908,
        "clockHigh": 1000,
        "total": 555.1599999999999
      },
      "01": {
        "powerDownStart": 403.418,
        "emmcStart": 867.04,
        "filesystem": 458.845,
        "wifi": 130.70899999999995,
        "emmc": 10.158999999999992,
        "clock": 877.199,
        "clockHigh": 0,
        "total": 473.78099999999995
      },
      "02": {
        "powerDownStart": 438.28,
        "emmcStart": 802.099,
        "filesystem": 359.08900000000006,
        "wifi": 80.91200000000003,
        "emmc": 10.157999999999902,
        "clock": 812.257,
        "clockHigh": 0,
        "total": 373.977
      },
      "03": {
        "powerDownStart": 97.786,
        "emmcStart": 187.912,
        "filesystem": 87.30199999999999,
        "wifi": 99.333,
        "emmc": 15.831999999999994,
        "clock": 203.744,
        "clockHigh": 0,
        "total": 105.958
      },
      "04": {
        "powerDownStart": 605.531,
        "emmcStart": 1311.628,
        "filesystem": 701.133,
        "wifi": 98.49800000000005,
        "emmc": 10.20399999999995,
        "clock": 1321.8319999999999,
        "clockHigh": 1000,
        "total": 716.3009999999999
      },
      "05": {
        "powerDownStart": 778.18,
        "emmcStart": 870.971,
        "filesystem": 27.432000000000016,
        "wifi": 92.39100000000008,
        "emmc": 13.249000000000024,
        "clock": 884.22,
        "clockHigh": 0,
        "total": 106.04000000000008
      },
      "06": {
        "powerDownStart": 143.823,
        "emmcStart": 616.177,
        "filesystem": 467.438,
        "wifi": 110.332,
        "emmc": 10.235000000000014,
        "clock": 626.412,
        "clockHigh": 0,
        "total": 482.58900000000006
      },
      "07": {
        "powerDownStart": 163.791,
        "emmcStart": 271.776,
        "filesystem": 44.334,
        "wifi": 107.649,
        "emmc": 12.069000000000017,
        "clock": 283.845,
        "clockHigh": 0,
        "total": 120.05400000000003
      },
      "08": {
        "powerDownStart": 774.721,
        "emmcStart": 869.598,
        "filesystem": 29.489000000000033,
        "wifi": 94.47299999999996,
        "emmc": 12.143000000000029,
        "clock": 881.741,
        "clockHigh": 0,
        "total": 107.01999999999998
      },
      "09": {
        "powerDownStart": 927.15,
        "emmcStart": 1013.696,
        "filesystem": 25.543999999999983,
        "wifi": 86.18299999999999,
        "emmc": 12.281000000000063,
        "clock": 1025.977,
        "clockHigh": 1000,
        "total": 98.82700000000011
      }
    },
    "rmmod,no-cache/dd": {
      "10": {
        "powerDownStart": 516.231,
        "emmcStart": 1339.275,
        "filesystem": 817.96,
        "wifi": 94.31799999999998,
        "emmc": 9.809999999999945,
        "clock": 1349.085,
        "clockHigh": 1000,
        "total": 832.854
      },
      "11": {
        "powerDownStart": 399.314,
        "emmcStart": 491.651,
        "filesystem": 48.209,
        "wifi": 92.00099999999998,
        "emmc": 18.817000000000007,
        "clock": 510.468,
        "clockHigh": 0,
        "total": 111.154
      },
      "12": {
        "powerDownStart": 840.271,
        "emmcStart": 1087.388,
        "filesystem": 242.11799999999994,
        "wifi": 95.03300000000002,
        "emmc": 10.310000000000173,
        "clock": 1097.698,
        "clockHigh": 1000,
        "total": 257.42700000000013
      },
      "13": {
        "powerDownStart": 969.211,
        "emmcStart": 1068.039,
        "filesystem": 72.66699999999992,
        "wifi": 98.46100000000001,
        "emmc": 12.27800000000002,
        "clock": 1080.317,
        "clockHigh": 1000,
        "total": 111.106
      },
      "14": {
        "powerDownStart": 249.387,
        "emmcStart": 346.418,
        "filesystem": 78.86700000000002,
        "wifi": 96.66000000000003,
        "emmc": 20.581000000000017,
        "clock": 366.999,
        "clockHigh": 0,
        "total": 117.61200000000002
      },
      "15": {
        "powerDownStart": 552.407,
        "emmcStart": 1257.44,
        "filesystem": 700.3549999999999,
        "wifi": 174.8979999999999,
        "emmc": 19.11500000000001,
        "clock": 1276.555,
        "clockHigh": 1000,
        "total": 724.148
      },
      "01": {
        "powerDownStart": 713.508,
        "emmcStart": 825.506,
        "filesystem": 73.09999999999991,
        "wifi": 111.65199999999993,
        "emmc": 11.40300000000002,
        "clock": 836.909,
        "clockHigh": 0,
        "total": 123.40099999999995
      },
      "02": {
        "powerDownStart": 684.785,
        "emmcStart": 1025.846,
        "filesystem": 338.52,
        "wifi": 96.38,
        "emmc": 10.351000000000113,
        "clock": 1036.1970000000001,
        "clockHigh": 1000,
        "total": 351.41200000000015
      },
      "03": {
        "powerDownStart": 66.289,
        "emmcStart": 204.682,
        "filesystem": 133.503,
        "wifi": 113.33999999999999,
        "emmc": 10.177000000000021,
        "clock": 214.859,
        "clockHigh": 0,
        "total": 148.57
      },
      "04": {
        "powerDownStart": 162.412,
        "emmcStart": 284.477,
        "filesystem": 117.31800000000001,
        "wifi": 118.97299999999998,
        "emmc": 19.880000000000052,
        "clock": 304.357,
        "clockHigh": 0,
        "total": 141.94500000000002
      },
      "05": {
        "powerDownStart": 812.445,
        "emmcStart": 1175.664,
        "filesystem": 360.6919999999999,
        "wifi": 92.79999999999995,
        "emmc": 9.625,
        "clock": 1185.289,
        "clockHigh": 1000,
        "total": 372.84399999999994
      },
      "06": {
        "powerDownStart": 874.421,
        "emmcStart": 1634.19,
        "filesystem": 754.847,
        "wifi": 88.33399999999995,
        "emmc": 10.516999999999825,
        "clock": 1644.7069999999999,
        "clockHigh": 1000,
        "total": 770.2859999999998
      },
      "07": {
        "powerDownStart": 651.057,
        "emmcStart": 1537.771,
        "filesystem": 882.0939999999998,
        "wifi": 99.53899999999999,
        "emmc": 10.638000000000147,
        "clock": 1548.409,
        "clockHigh": 1000,
        "total": 897.3520000000001
      },
      "08": {
        "powerDownStart": 323.86,
        "emmcStart": 631.564,
        "filesystem": 302.797,